<?xml version='1.0' encoding='UTF-8'?>
<?artifactRepository version='1.1.0'?>
<repository name='Bundle pool' type='org.eclipse.equinox.p2.artifact.repository.simpleRepository' version='1'>
  <properties size='2'>
    <property name='p2.system' value='true'/>
    <property name='p2.timestamp' value='1265215059373'/>
  </properties>
  <mappings size='3'>
    <rule filter='(&amp; (classifier=osgi.bundle))' output='${repoUrl}/plugins/${id}_${version}.jar'/>
    <rule filter='(&amp; (classifier=binary))' output='${repoUrl}/binary/${id}_${version}'/>
    <rule filter='(&amp; (classifier=org.eclipse.update.feature))' output='${repoUrl}/features/${id}_${version}.jar'/>
  </mappings>
  <artifacts size='46'>
    <artifact classifier='osgi.bundle' id='org.eclipse.equinox.simpleconfigurator.manipulator' version='1.0.100.v20090520-1905'>
      <properties size='2'>
        <property name='artifact.size' value='22542'/>
        <property name='download.size' value='22542'/>
      </properties>
    </artifact>
    <artifact classifier='osgi.bundle' id='org.eclipse.core.net' version='1.2.1.r35x_20090812-1200'>
      <properties size='2'>
        <property name='artifact.size' value='65430'/>
        <property name='download.size' value='65430'/>
      </properties>
    </artifact>
    <artifact classifier='osgi.bundle' id='org.eclipse.ecf.provider.filetransfer' version='3.0.1.v20090831-1906'>
      <properties size='2'>
        <property name='artifact.size' value='122192'/>
        <property name='download.size' value='122192'/>
      </properties>
    </artifact>
    <artifact classifier='osgi.bundle' id='org.eclipse.equinox.frameworkadmin.equinox' version='1.0.101.R35x_v20091214'>
      <properties size='2'>
        <property name='artifact.size' value='61543'/>
        <property name='download.size' value='61543'/>
      </properties>
    </artifact>
    <artifact classifier='osgi.bundle' id='org.eclipse.equinox.p2.metadata' version='1.0.101.R35x_v20100112'>
      <properties size='2'>
        <property name='artifact.size' value='54685'/>
        <property name='download.size' value='54685'/>
      </properties>
    </artifact>
    <artifact classifier='osgi.bundle' id='org.eclipse.ecf.filetransfer' version='3.0.0.v20090831-1906'>
      <properties size='2'>
        <property name='artifact.size' value='49646'/>
        <property name='download.size' value='49646'/>
      </properties>
    </artifact>
    <artifact classifier='osgi.bundle' id='org.eclipse.equinox.frameworkadmin' version='1.0.100.v20090520-1905'>
      <properties size='2'>
        <property name='artifact.size' value='33630'/>
        <property name='download.size' value='33630'/>
      </properties>
    </artifact>
    <artifact classifier='osgi.bundle' id='org.eclipse.equinox.p2.repository' version='1.0.1.R35x_v20100105'>
      <properties size='2'>
        <property name='artifact.size' value='107968'/>
        <property name='download.size' value='107968'/>
      </properties>
    </artifact>
    <artifact classifier='osgi.bundle' id='org.eclipse.ecf.identity' version='3.0.0.v20090831-1906'>
      <properties size='2'>
        <property name='artifact.size' value='54528'/>
        <property name='download.size' value='54528'/>
      </properties>
    </artifact>
    <artifact classifier='osgi.bundle' id='org.eclipse.equinox.app' version='1.2.1.R35x_v20091203'>
      <properties size='2'>
        <property name='artifact.size' value='82918'/>
        <property name='download.size' value='82918'/>
      </properties>
    </artifact>
    <artifact classifier='osgi.bundle' id='org.eclipse.equinox.p2.core' version='1.0.101.R35x_v20090819'>
      <properties size='2'>
        <property name='artifact.size' value='126509'/>
        <property name='download.size' value='126509'/>
      </properties>
    </artifact>
    <artifact classifier='osgi.bundle' id='org.eclipse.osgi.services' version='3.2.0.v20090520-1800'>
      <properties size='2'>
        <property name='artifact.size' value='67249'/>
        <property name='download.size' value='67249'/>
      </properties>
    </artifact>
    <artifact classifier='osgi.bundle' id='org.eclipse.equinox.p2.touchpoint.natives' version='1.0.101.R35x_v20090806'>
      <properties size='2'>
        <property name='artifact.size' value='46246'/>
        <property name='download.size' value='46246'/>
      </properties>
    </artifact>
    <artifact classifier='osgi.bundle' id='org.eclipse.ecf.provider.filetransfer.httpclient' version='3.0.1.v20090831-1906'>
      <properties size='2'>
        <property name='artifact.size' value='64876'/>
        <property name='download.size' value='64876'/>
      </properties>
    </artifact>
    <artifact classifier='osgi.bundle' id='org.eclipse.equinox.launcher.gtk.linux.x86_64' version='1.0.200.v20090519'>
      <properties size='2'>
        <property name='artifact.size' value='64407'/>
        <property name='download.size' value='64407'/>
      </properties>
      <repositoryProperties size='1'>
        <property name='artifact.folder' value='true'/>
      </repositoryProperties>
    </artifact>
    <artifact classifier='osgi.bundle' id='org.apache.commons.codec' version='1.3.0.v20080530-1600'>
      <properties size='2'>
        <property name='artifact.size' value='53772'/>
        <property name='download.size' value='53772'/>
      </properties>
      <repositoryProperties size='1'>
        <property name='artifact.folder' value='true'/>
      </repositoryProperties>
    </artifact>
    <artifact classifier='osgi.bundle' id='org.sat4j.core' version='2.1.1.v20090825'>
      <properties size='2'>
        <property name='artifact.size' value='181819'/>
        <property name='download.size' value='181819'/>
      </properties>
    </artifact>
    <artifact classifier='osgi.bundle' id='org.eclipse.equinox.preferences' version='3.2.301.R35x_v20091117'>
      <properties size='2'>
        <property name='artifact.size' value='106709'/>
        <property name='download.size' value='106709'/>
      </properties>
    </artifact>
    <artifact classifier='osgi.bundle' id='org.eclipse.equinox.p2.exemplarysetup' version='1.0.100.v20090520-1905'>
      <properties size='2'>
        <property name='artifact.size' value='9600'/>
        <property name='download.size' value='9600'/>
      </properties>
    </artifact>
    <artifact classifier='osgi.bundle' id='org.apache.commons.httpclient' version='3.1.0.v20080605-1935'>
      <properties size='2'>
        <property name='artifact.size' value='320150'/>
        <property name='download.size' value='320150'/>
      </properties>
      <repositoryProperties size='1'>
        <property name='artifact.folder' value='true'/>
      </repositoryProperties>
    </artifact>
    <artifact classifier='osgi.bundle' id='org.eclipse.equinox.common' version='3.5.1.R35x_v20090807-1100'>
      <properties size='2'>
        <property name='artifact.size' value='99448'/>
        <property name='download.size' value='99448'/>
      </properties>
    </artifact>
    <artifact classifier='osgi.bundle' id='org.eclipse.ecf.provider.filetransfer.httpclient.ssl' version='1.0.0.v20090831-1906'>
      <properties size='2'>
        <property name='artifact.size' value='16763'/>
        <property name='download.size' value='16763'/>
      </properties>
    </artifact>
    <artifact classifier='osgi.bundle' id='org.sat4j.pb' version='2.1.1.v20090825'>
      <properties size='2'>
        <property name='artifact.size' value='111987'/>
        <property name='download.size' value='111987'/>
      </properties>
    </artifact>
    <artifact classifier='osgi.bundle' id='org.eclipse.ecf' version='3.0.0.v20090831-1906'>
      <properties size='2'>
        <property name='artifact.size' value='87456'/>
        <property name='download.size' value='87456'/>
      </properties>
    </artifact>
    <artifact classifier='osgi.bundle' id='org.eclipse.equinox.security' version='1.0.100.v20090520-1800'>
      <properties size='2'>
        <property name='artifact.size' value='105872'/>
        <property name='download.size' value='105872'/>
      </properties>
    </artifact>
    <artifact classifier='osgi.bundle' id='org.eclipse.equinox.p2.director.app' version='1.0.100.v20091002-1358'>
      <properties size='2'>
        <property name='artifact.size' value='38976'/>
        <property name='download.size' value='38976'/>
      </properties>
    </artifact>
    <artifact classifier='osgi.bundle' id='org.apache.ant' version='1.7.1.v20090120-1145'>
      <properties size='2'>
        <property name='artifact.size' value='2010942'/>
        <property name='download.size' value='2010942'/>
      </properties>
      <repositoryProperties size='1'>
        <property name='artifact.folder' value='true'/>
      </repositoryProperties>
    </artifact>
    <artifact classifier='osgi.bundle' id='org.eclipse.ecf.provider.filetransfer.ssl' version='1.0.0.v20090831-1906'>
      <properties size='2'>
        <property name='artifact.size' value='7278'/>
        <property name='download.size' value='7278'/>
      </properties>
    </artifact>
    <artifact classifier='osgi.bundle' id='org.eclipse.equinox.p2.artifact.repository' version='1.0.101.R35x_v20090721'>
      <properties size='2'>
        <property name='artifact.size' value='158876'/>
        <property name='download.size' value='158876'/>
      </properties>
    </artifact>
    <artifact classifier='osgi.bundle' id='org.eclipse.equinox.p2.engine' version='1.0.102.R35x_v20091117'>
      <properties size='2'>
        <property name='artifact.size' value='159629'/>
        <property name='download.size' value='159629'/>
      </properties>
    </artifact>
    <artifact classifier='osgi.bundle' id='org.eclipse.equinox.p2.metadata.repository' version='1.0.101.R35x_v20090812'>
      <properties size='2'>
        <property name='artifact.size' value='127453'/>
        <property name='download.size' value='127453'/>
      </properties>
    </artifact>
    <artifact classifier='osgi.bundle' id='org.eclipse.equinox.launcher' version='1.0.201.R35x_v20090715'>
      <properties size='2'>
        <property name='artifact.size' value='46004'/>
        <property name='download.size' value='46004'/>
      </properties>
    </artifact>
    <artifact classifier='osgi.bundle' id='org.eclipse.equinox.p2.touchpoint.eclipse' version='1.0.101.R35x_20090820-1821'>
      <properties size='2'>
        <property name='artifact.size' value='109400'/>
        <property name='download.size' value='109400'/>
      </properties>
    </artifact>
    <artifact classifier='osgi.bundle' id='org.eclipse.equinox.p2.publisher' version='1.0.1.R35x_20100105'>
      <properties size='2'>
        <property name='artifact.size' value='269682'/>
        <property name='download.size' value='269682'/>
      </properties>
    </artifact>
    <artifact classifier='osgi.bundle' id='org.eclipse.equinox.p2.garbagecollector' version='1.0.100.v20090520-1905'>
      <properties size='2'>
        <property name='artifact.size' value='21556'/>
        <property name='download.size' value='21556'/>
      </properties>
    </artifact>
    <artifact classifier='osgi.bundle' id='org.eclipse.ecf.ssl' version='1.0.0.v20090831-1906'>
      <properties size='2'>
        <property name='artifact.size' value='11557'/>
        <property name='download.size' value='11557'/>
      </properties>
    </artifact>
    <artifact classifier='osgi.bundle' id='org.eclipse.equinox.registry' version='3.4.100.v20090520-1800'>
      <properties size='2'>
        <property name='artifact.size' value='173316'/>
        <property name='download.size' value='173316'/>
      </properties>
    </artifact>
    <artifact classifier='osgi.bundle' id='org.eclipse.equinox.p2.console' version='1.0.100.v20090520-1905'>
      <properties size='2'>
        <property name='artifact.size' value='19842'/>
        <property name='download.size' value='19842'/>
      </properties>
    </artifact>
    <artifact classifier='osgi.bundle' id='org.eclipse.equinox.simpleconfigurator' version='1.0.101.R35x_v20090807-1100'>
      <properties size='2'>
        <property name='artifact.size' value='38819'/>
        <property name='download.size' value='38819'/>
      </properties>
    </artifact>
    <artifact classifier='osgi.bundle' id='org.eclipse.osgi' version='3.5.2.R35x_v20100114'>
      <properties size='2'>
        <property name='artifact.size' value='1127304'/>
        <property name='download.size' value='1127304'/>
      </properties>
    </artifact>
    <artifact classifier='osgi.bundle' id='org.eclipse.core.contenttype' version='3.4.1.R35x_v20090826-0451'>
      <properties size='2'>
        <property name='artifact.size' value='88688'/>
        <property name='download.size' value='88688'/>
      </properties>
    </artifact>
    <artifact classifier='osgi.bundle' id='org.eclipse.core.runtime' version='3.5.0.v20090525'>
      <properties size='2'>
        <property name='artifact.size' value='70949'/>
        <property name='download.size' value='70949'/>
      </properties>
    </artifact>
    <artifact classifier='osgi.bundle' id='org.eclipse.equinox.p2.director' version='1.0.101.R35x_v20100112'>
      <properties size='2'>
        <property name='artifact.size' value='89035'/>
        <property name='download.size' value='89035'/>
      </properties>
    </artifact>
    <artifact classifier='osgi.bundle' id='org.eclipse.equinox.p2.jarprocessor' version='1.0.100.v20090520-1905'>
      <properties size='2'>
        <property name='artifact.size' value='63745'/>
        <property name='download.size' value='63745'/>
      </properties>
    </artifact>
    <artifact classifier='osgi.bundle' id='org.eclipse.core.jobs' version='3.4.100.v20090429-1800'>
      <properties size='2'>
        <property name='artifact.size' value='81848'/>
        <property name='download.size' value='81848'/>
      </properties>
    </artifact>
    <artifact classifier='osgi.bundle' id='org.apache.commons.logging' version='1.0.4.v200904062259'>
      <properties size='2'>
        <property name='artifact.size' value='44210'/>
        <property name='download.size' value='44210'/>
      </properties>
    </artifact>
  </artifacts>
</repository>
